GENERATION_PROJECT,gen_dbid,gen_tech,gen_energy_source,gen_load_zone,gen_max_age,gen_is_variable,gen_is_flexible_baseload,gen_is_baseload,gen_can_provide_spinning_reserves,gen_can_provide_quickstart_reserves,gen_full_load_heat_rate,gen_variable_om,gen_connect_cost_per_mw,gen_scheduled_outage_rate,gen_forced_outage_rate,gen_capacity_limit_mw,gen_min_build_capacity,gen_is_cogen,gen_storage_efficiency,gen_min_load_fraction,gen_is_pumped_hydro,gen_storage_energy_to_power_ratio,gen_can_suspend
Shanxi-Battery_Storage-11185,new.11185,Battery_Storage,Storage,Shanxi,30,False,False,False,True,True,.,0.0,3968.771448181194,0.0055,0.02,.,.,False,0.767,0.0,False,6.0,1
Shanxi-Central_PV-510,new.510,Central_PV,Solar,Shanxi,30,True,False,False,True,False,.,0.0,3968.771448181194,0.0,0.02,137800.0,.,False,.,0.0,False,.,1
Shanxi-Central_PV-511,new.511,Central_PV,Solar,Shanxi,30,True,False,False,True,False,.,0.0,3968.771448181194,0.0,0.02,137800.0,.,False,.,0.0,False,.,1
Shanxi-Central_PV-512,new.512,Central_PV,Solar,Shanxi,30,True,False,False,True,False,.,0.0,3968.771448181194,0.0,0.02,137800.0,.,False,.,0.0,False,.,1
Shanxi-Central_PV-513,new.513,Central_PV,Solar,Shanxi,30,True,False,False,True,False,.,0.0,3968.771448181194,0.0,0.02,137800.0,.,False,.,0.0,False,.,1
Shanxi-Central_PV-514,new.514,Central_PV,Solar,Shanxi,30,True,False,False,True,False,.,0.0,3968.771448181194,0.0,0.02,137800.0,.,False,.,0.0,False,.,1
Shanxi-Central_PV_EP-ep-50006,existing.50006,Central_PV_EP,Solar,Shanxi,30,True,False,False,True,False,.,0.0,0.0,0.0,0.02,15.0,.,False,.,0.0,False,.,1
Shanxi-Central_PV_EP-ep-50045,existing.50045,Central_PV_EP,Solar,Shanxi,30,True,False,False,True,False,.,0.0,0.0,0.0,0.02,20.0,.,False,.,0.0,False,.,1
Shanxi-Central_PV_EP-ep-50075,existing.50075,Central_PV_EP,Solar,Shanxi,30,True,False,False,True,False,.,0.0,0.0,0.0,0.02,409.0,.,False,.,0.0,False,.,1
Shanxi-Central_PV_EP-ep-50104,existing.50104,Central_PV_EP,Solar,Shanxi,30,True,False,False,True,False,.,0.0,0.0,0.0,0.02,689.9,.,False,.,0.0,False,.,1
Shanxi-Central_PV_EP-ep-50135,existing.50135,Central_PV_EP,Solar,Shanxi,30,True,False,False,True,False,.,0.0,0.0,0.0,0.02,1834.4,.,False,.,0.0,False,.,1
Shanxi-Central_PV_EP-ep-50165,existing.50165,Central_PV_EP,Solar,Shanxi,30,True,False,False,True,False,.,0.0,0.0,0.0,0.02,2935.5,.,False,.,0.0,False,.,1
Shanxi-Coal_1000_DRY-11369,new.11369,Coal_1000_DRY,Coal,Shanxi,40,False,True,False,False,False,8.3,6.61461908030199,396.8771448181194,0.32,0.05,.,.,False,.,0.4,False,.,1
Shanxi-Coal_1000_DRY-11385,new.11385,Coal_1000_DRY,Coal,Shanxi,40,False,True,False,False,False,8.3,6.61461908030199,396.8771448181194,0.32,0.05,.,.,False,.,0.4,False,.,1
Shanxi-Coal_1000_DRY-11401,new.11401,Coal_1000_DRY,Coal,Shanxi,40,False,True,False,False,False,8.3,6.61461908030199,396.8771448181194,0.32,0.05,.,.,False,.,0.4,False,.,1
Shanxi-Coal_1000_DRY-11417,new.11417,Coal_1000_DRY,Coal,Shanxi,40,False,True,False,False,False,8.3,6.61461908030199,396.8771448181194,0.32,0.05,.,.,False,.,0.4,False,.,1
Shanxi-Coal_1000_DRY-11433,new.11433,Coal_1000_DRY,Coal,Shanxi,40,False,True,False,False,False,8.3,6.61461908030199,396.8771448181194,0.32,0.05,.,.,False,.,0.4,False,.,1
Shanxi-Coal_1000_RC-11359,new.11359,Coal_1000_RC,Coal,Shanxi,40,False,True,False,False,False,7.88,6.61461908030199,396.8771448181194,0.32,0.05,.,.,False,.,0.4,False,.,1
Shanxi-Coal_1000_RC-11375,new.11375,Coal_1000_RC,Coal,Shanxi,40,False,True,False,False,False,7.88,6.61461908030199,396.8771448181194,0.32,0.05,.,.,False,.,0.4,False,.,1
Shanxi-Coal_1000_RC-11391,new.11391,Coal_1000_RC,Coal,Shanxi,40,False,True,False,False,False,7.88,6.61461908030199,396.8771448181194,0.32,0.05,.,.,False,.,0.4,False,.,1
Shanxi-Coal_1000_RC-11407,new.11407,Coal_1000_RC,Coal,Shanxi,40,False,True,False,False,False,7.88,6.61461908030199,396.8771448181194,0.32,0.05,.,.,False,.,0.4,False,.,1
Shanxi-Coal_1000_RC-11423,new.11423,Coal_1000_RC,Coal,Shanxi,40,False,True,False,False,False,7.88,6.61461908030199,396.8771448181194,0.32,0.05,.,.,False,.,0.4,False,.,1
Shanxi-Coal_100_DRY-ep-296,existing.296,Coal_100_DRY,Coal,Shanxi,30,False,True,False,False,False,9.45,3.9687714481811938,0.0,0.52,0.05,220.0,.,False,.,0.4,False,.,1
Shanxi-Coal_100_DRY-ep-297,existing.297,Coal_100_DRY,Coal,Shanxi,30,False,True,False,False,False,9.45,3.9687714481811938,0.0,0.52,0.05,220.0,.,False,.,0.4,False,.,1
Shanxi-Coal_100_DRY-ep-302,existing.302,Coal_100_DRY,Coal,Shanxi,30,False,True,False,False,False,9.45,3.9687714481811938,0.0,0.52,0.05,200.0,.,False,.,0.4,False,.,1
Shanxi-Coal_100_DRY-ep-303,existing.303,Coal_100_DRY,Coal,Shanxi,30,False,True,False,False,False,9.45,3.9687714481811938,0.0,0.52,0.05,200.0,.,False,.,0.4,False,.,1
Shanxi-Coal_100_DRY-ep-308,existing.308,Coal_100_DRY,Coal,Shanxi,30,False,True,False,False,False,9.45,3.9687714481811938,0.0,0.52,0.05,200.0,.,False,.,0.4,False,.,1
Shanxi-Coal_100_DRY-ep-309,existing.309,Coal_100_DRY,Coal,Shanxi,30,False,True,False,False,False,9.45,3.9687714481811938,0.0,0.52,0.05,200.0,.,False,.,0.4,False,.,1
Shanxi-Coal_100_DRY-ep-310,existing.310,Coal_100_DRY,Coal,Shanxi,30,False,True,False,False,False,9.45,3.9687714481811938,0.0,0.52,0.05,200.0,.,False,.,0.4,False,.,1
Shanxi-Coal_100_DRY-ep-311,existing.311,Coal_100_DRY,Coal,Shanxi,30,False,True,False,False,False,9.45,3.9687714481811938,0.0,0.52,0.05,200.0,.,False,.,0.4,False,.,1
Shanxi-Coal_100_DRY-ep-312,existing.312,Coal_100_DRY,Coal,Shanxi,30,False,True,False,False,False,9.45,3.9687714481811938,0.0,0.52,0.05,200.0,.,False,.,0.4,False,.,1
Shanxi-Coal_100_DRY-ep-315,existing.315,Coal_100_DRY,Coal,Shanxi,30,False,True,False,False,False,9.45,3.9687714481811938,0.0,0.52,0.05,200.0,.,False,.,0.4,False,.,1
Shanxi-Coal_100_DRY-ep-316,existing.316,Coal_100_DRY,Coal,Shanxi,30,False,True,False,False,False,9.45,3.9687714481811938,0.0,0.52,0.05,200.0,.,False,.,0.4,False,.,1
Shanxi-Coal_100_DRY-ep-317,existing.317,Coal_100_DRY,Coal,Shanxi,30,False,True,False,False,False,9.45,3.9687714481811938,0.0,0.52,0.05,150.0,.,False,.,0.4,False,.,1
Shanxi-Coal_100_DRY-ep-318,existing.318,Coal_100_DRY,Coal,Shanxi,30,False,True,False,False,False,9.45,3.9687714481811938,0.0,0.52,0.05,150.0,.,False,.,0.4,False,.,1
Shanxi-Coal_100_DRY-ep-319,existing.319,Coal_100_DRY,Coal,Shanxi,30,False,True,False,False,False,9.45,3.9687714481811938,0.0,0.52,0.05,135.0,.,False,.,0.4,False,.,1
Shanxi-Coal_100_DRY-ep-320,existing.320,Coal_100_DRY,Coal,Shanxi,30,False,True,False,False,False,9.45,3.9687714481811938,0.0,0.52,0.05,135.0,.,False,.,0.4,False,.,1
Shanxi-Coal_100_DRY-ep-321,existing.321,Coal_100_DRY,Coal,Shanxi,30,False,True,False,False,False,9.45,3.9687714481811938,0.0,0.52,0.05,135.0,.,False,.,0.4,False,.,1
Shanxi-Coal_100_DRY-ep-322,existing.322,Coal_100_DRY,Coal,Shanxi,30,False,True,False,False,False,9.45,3.9687714481811938,0.0,0.52,0.05,135.0,.,False,.,0.4,False,.,1
Shanxi-Coal_100_DRY-ep-323,existing.323,Coal_100_DRY,Coal,Shanxi,30,False,True,False,False,False,9.45,3.9687714481811938,0.0,0.52,0.05,135.0,.,False,.,0.4,False,.,1
Shanxi-Coal_100_DRY-ep-324,existing.324,Coal_100_DRY,Coal,Shanxi,30,False,True,False,False,False,9.45,3.9687714481811938,0.0,0.52,0.05,135.0,.,False,.,0.4,False,.,1
Shanxi-Coal_100_DRY-ep-325,existing.325,Coal_100_DRY,Coal,Shanxi,30,False,True,False,False,False,9.45,3.9687714481811938,0.0,0.52,0.05,135.0,.,False,.,0.4,False,.,1
Shanxi-Coal_100_DRY-ep-326,existing.326,Coal_100_DRY,Coal,Shanxi,30,False,True,False,False,False,9.45,3.9687714481811938,0.0,0.52,0.05,135.0,.,False,.,0.4,False,.,1
Shanxi-Coal_100_DRY-ep-327,existing.327,Coal_100_DRY,Coal,Shanxi,30,False,True,False,False,False,9.45,3.9687714481811938,0.0,0.52,0.05,135.0,.,False,.,0.4,False,.,1
Shanxi-Coal_100_DRY-ep-328,existing.328,Coal_100_DRY,Coal,Shanxi,30,False,True,False,False,False,9.45,3.9687714481811938,0.0,0.52,0.05,135.0,.,False,.,0.4,False,.,1
Shanxi-Coal_100_DRY-ep-329,existing.329,Coal_100_DRY,Coal,Shanxi,30,False,True,False,False,False,9.45,3.9687714481811938,0.0,0.52,0.05,135.0,.,False,.,0.4,False,.,1
Shanxi-Coal_100_DRY-ep-330,existing.330,Coal_100_DRY,Coal,Shanxi,30,False,True,False,False,False,9.45,3.9687714481811938,0.0,0.52,0.05,135.0,.,False,.,0.4,False,.,1
Shanxi-Coal_100_DRY-ep-331,existing.331,Coal_100_DRY,Coal,Shanxi,30,False,True,False,False,False,9.45,3.9687714481811938,0.0,0.52,0.05,135.0,.,False,.,0.4,False,.,1
Shanxi-Coal_100_DRY-ep-332,existing.332,Coal_100_DRY,Coal,Shanxi,30,False,True,False,False,False,9.45,3.9687714481811938,0.0,0.52,0.05,135.0,.,False,.,0.4,False,.,1
Shanxi-Coal_100_DRY-ep-333,existing.333,Coal_100_DRY,Coal,Shanxi,30,False,True,False,False,False,9.45,3.9687714481811938,0.0,0.52,0.05,135.0,.,False,.,0.4,False,.,1
Shanxi-Coal_100_DRY-ep-334,existing.334,Coal_100_DRY,Coal,Shanxi,30,False,True,False,False,False,9.45,3.9687714481811938,0.0,0.52,0.05,135.0,.,False,.,0.4,False,.,1
Shanxi-Coal_100_DRY-ep-335,existing.335,Coal_100_DRY,Coal,Shanxi,30,False,True,False,False,False,9.45,3.9687714481811938,0.0,0.52,0.05,135.0,.,False,.,0.4,False,.,1
Shanxi-Coal_100_DRY-ep-336,existing.336,Coal_100_DRY,Coal,Shanxi,30,False,True,False,False,False,9.45,3.9687714481811938,0.0,0.52,0.05,135.0,.,False,.,0.4,False,.,1
Shanxi-Coal_100_DRY-ep-337,existing.337,Coal_100_DRY,Coal,Shanxi,30,False,True,False,False,False,9.45,3.9687714481811938,0.0,0.52,0.05,135.0,.,False,.,0.4,False,.,1
Shanxi-Coal_100_DRY-ep-338,existing.338,Coal_100_DRY,Coal,Shanxi,30,False,True,False,False,False,9.45,3.9687714481811938,0.0,0.52,0.05,135.0,.,False,.,0.4,False,.,1
Shanxi-Coal_100_DRY-ep-339,existing.339,Coal_100_DRY,Coal,Shanxi,30,False,True,False,False,False,9.45,3.9687714481811938,0.0,0.52,0.05,135.0,.,False,.,0.4,False,.,1
Shanxi-Coal_100_DRY-ep-348,existing.348,Coal_100_DRY,Coal,Shanxi,30,False,True,False,False,False,9.45,3.9687714481811938,0.0,0.52,0.05,100.0,.,False,.,0.4,False,.,1
Shanxi-Coal_100_OT-ep-298,existing.298,Coal_100_OT,Coal,Shanxi,30,False,True,False,False,False,9.13,3.9687714481811938,0.0,0.52,0.05,210.0,.,False,.,0.4,False,.,1
Shanxi-Coal_100_OT-ep-299,existing.299,Coal_100_OT,Coal,Shanxi,30,False,True,False,False,False,9.13,3.9687714481811938,0.0,0.52,0.05,210.0,.,False,.,0.4,False,.,1
Shanxi-Coal_100_OT-ep-300,existing.300,Coal_100_OT,Coal,Shanxi,30,False,True,False,False,False,9.13,3.9687714481811938,0.0,0.52,0.05,210.0,.,False,.,0.4,False,.,1
Shanxi-Coal_100_OT-ep-301,existing.301,Coal_100_OT,Coal,Shanxi,30,False,True,False,False,False,9.13,3.9687714481811938,0.0,0.52,0.05,210.0,.,False,.,0.4,False,.,1
Shanxi-Coal_100_RC-ep-304,existing.304,Coal_100_RC,Coal,Shanxi,30,False,True,False,False,False,9.06,3.9687714481811938,0.0,0.52,0.05,200.0,.,False,.,0.4,False,.,1
Shanxi-Coal_100_RC-ep-305,existing.305,Coal_100_RC,Coal,Shanxi,30,False,True,False,False,False,9.06,3.9687714481811938,0.0,0.52,0.05,200.0,.,False,.,0.4,False,.,1
Shanxi-Coal_100_RC-ep-306,existing.306,Coal_100_RC,Coal,Shanxi,30,False,True,False,False,False,9.06,3.9687714481811938,0.0,0.52,0.05,200.0,.,False,.,0.4,False,.,1
Shanxi-Coal_100_RC-ep-307,existing.307,Coal_100_RC,Coal,Shanxi,30,False,True,False,False,False,9.06,3.9687714481811938,0.0,0.52,0.05,200.0,.,False,.,0.4,False,.,1
Shanxi-Coal_100_RC-ep-313,existing.313,Coal_100_RC,Coal,Shanxi,30,False,True,False,False,False,9.06,3.9687714481811938,0.0,0.52,0.05,200.0,.,False,.,0.4,False,.,1
Shanxi-Coal_100_RC-ep-314,existing.314,Coal_100_RC,Coal,Shanxi,30,False,True,False,False,False,9.06,3.9687714481811938,0.0,0.52,0.05,200.0,.,False,.,0.4,False,.,1
Shanxi-Coal_100_RC-ep-344,existing.344,Coal_100_RC,Coal,Shanxi,30,False,True,False,False,False,9.06,3.9687714481811938,0.0,0.52,0.05,100.0,.,False,.,0.4,False,.,1
Shanxi-Coal_100_RC-ep-345,existing.345,Coal_100_RC,Coal,Shanxi,30,False,True,False,False,False,9.06,3.9687714481811938,0.0,0.52,0.05,100.0,.,False,.,0.4,False,.,1
Shanxi-Coal_100_RC-ep-346,existing.346,Coal_100_RC,Coal,Shanxi,30,False,True,False,False,False,9.06,3.9687714481811938,0.0,0.52,0.05,100.0,.,False,.,0.4,False,.,1
Shanxi-Coal_100_RC-ep-347,existing.347,Coal_100_RC,Coal,Shanxi,30,False,True,False,False,False,9.06,3.9687714481811938,0.0,0.52,0.05,100.0,.,False,.,0.4,False,.,1
Shanxi-Coal_300_DRY-11373,new.11373,Coal_300_DRY,Coal,Shanxi,35,False,True,False,False,False,9.37,6.61461908030199,396.8771448181194,0.37,0.05,.,.,False,.,0.4,False,.,1
Shanxi-Coal_300_DRY-11389,new.11389,Coal_300_DRY,Coal,Shanxi,35,False,True,False,False,False,9.37,6.61461908030199,396.8771448181194,0.37,0.05,.,.,False,.,0.4,False,.,1
Shanxi-Coal_300_DRY-11405,new.11405,Coal_300_DRY,Coal,Shanxi,35,False,True,False,False,False,9.37,6.61461908030199,396.8771448181194,0.37,0.05,.,.,False,.,0.4,False,.,1
Shanxi-Coal_300_DRY-11421,new.11421,Coal_300_DRY,Coal,Shanxi,35,False,True,False,False,False,9.37,6.61461908030199,396.8771448181194,0.37,0.05,.,.,False,.,0.4,False,.,1
Shanxi-Coal_300_DRY-11437,new.11437,Coal_300_DRY,Coal,Shanxi,35,False,True,False,False,False,9.37,6.61461908030199,396.8771448181194,0.37,0.05,.,.,False,.,0.4,False,.,1
Shanxi-Coal_300_RC-11363,new.11363,Coal_300_RC,Coal,Shanxi,35,False,True,False,False,False,8.92,6.61461908030199,396.8771448181194,0.37,0.05,.,.,False,.,0.4,False,.,1
Shanxi-Coal_300_RC-11379,new.11379,Coal_300_RC,Coal,Shanxi,35,False,True,False,False,False,8.92,6.61461908030199,396.8771448181194,0.37,0.05,.,.,False,.,0.4,False,.,1
Shanxi-Coal_300_RC-11395,new.11395,Coal_300_RC,Coal,Shanxi,35,False,True,False,False,False,8.92,6.61461908030199,396.8771448181194,0.37,0.05,.,.,False,.,0.4,False,.,1
Shanxi-Coal_300_RC-11411,new.11411,Coal_300_RC,Coal,Shanxi,35,False,True,False,False,False,8.92,6.61461908030199,396.8771448181194,0.37,0.05,.,.,False,.,0.4,False,.,1
Shanxi-Coal_300_RC-11427,new.11427,Coal_300_RC,Coal,Shanxi,35,False,True,False,False,False,8.92,6.61461908030199,396.8771448181194,0.37,0.05,.,.,False,.,0.4,False,.,1
Shanxi-Coal_600_DRY-11371,new.11371,Coal_600_DRY,Coal,Shanxi,40,False,True,False,False,False,8.94,6.61461908030199,396.8771448181194,0.34,0.05,.,.,False,.,0.4,False,.,1
Shanxi-Coal_600_DRY-11387,new.11387,Coal_600_DRY,Coal,Shanxi,40,False,True,False,False,False,8.94,6.61461908030199,396.8771448181194,0.34,0.05,.,.,False,.,0.4,False,.,1
Shanxi-Coal_600_DRY-11403,new.11403,Coal_600_DRY,Coal,Shanxi,40,False,True,False,False,False,8.94,6.61461908030199,396.8771448181194,0.34,0.05,.,.,False,.,0.4,False,.,1
Shanxi-Coal_600_DRY-11419,new.11419,Coal_600_DRY,Coal,Shanxi,40,False,True,False,False,False,8.94,6.61461908030199,396.8771448181194,0.34,0.05,.,.,False,.,0.4,False,.,1
Shanxi-Coal_600_DRY-11435,new.11435,Coal_600_DRY,Coal,Shanxi,40,False,True,False,False,False,8.94,6.61461908030199,396.8771448181194,0.34,0.05,.,.,False,.,0.4,False,.,1
Shanxi-Coal_600_RC-11361,new.11361,Coal_600_RC,Coal,Shanxi,40,False,True,False,False,False,8.45,6.61461908030199,396.8771448181194,0.34,0.05,.,.,False,.,0.4,False,.,1
Shanxi-Coal_600_RC-11377,new.11377,Coal_600_RC,Coal,Shanxi,40,False,True,False,False,False,8.45,6.61461908030199,396.8771448181194,0.34,0.05,.,.,False,.,0.4,False,.,1
Shanxi-Coal_600_RC-11393,new.11393,Coal_600_RC,Coal,Shanxi,40,False,True,False,False,False,8.45,6.61461908030199,396.8771448181194,0.34,0.05,.,.,False,.,0.4,False,.,1
Shanxi-Coal_600_RC-11409,new.11409,Coal_600_RC,Coal,Shanxi,40,False,True,False,False,False,8.45,6.61461908030199,396.8771448181194,0.34,0.05,.,.,False,.,0.4,False,.,1
Shanxi-Coal_600_RC-11425,new.11425,Coal_600_RC,Coal,Shanxi,40,False,True,False,False,False,8.45,6.61461908030199,396.8771448181194,0.34,0.05,.,.,False,.,0.4,False,.,1
Shanxi-Coal_IGCC_RC-11365,new.11365,Coal_IGCC_RC,Coal,Shanxi,40,False,True,False,False,False,8.89,6.61461908030199,396.8771448181194,0.52,0.05,.,.,False,.,0.4,False,.,1
Shanxi-Coal_IGCC_RC-11381,new.11381,Coal_IGCC_RC,Coal,Shanxi,40,False,True,False,False,False,8.89,6.61461908030199,396.8771448181194,0.52,0.05,.,.,False,.,0.4,False,.,1
Shanxi-Coal_IGCC_RC-11397,new.11397,Coal_IGCC_RC,Coal,Shanxi,40,False,True,False,False,False,8.89,6.61461908030199,396.8771448181194,0.52,0.05,.,.,False,.,0.4,False,.,1
Shanxi-Coal_IGCC_RC-11413,new.11413,Coal_IGCC_RC,Coal,Shanxi,40,False,True,False,False,False,8.89,6.61461908030199,396.8771448181194,0.52,0.05,.,.,False,.,0.4,False,.,1
Shanxi-Coal_IGCC_RC-11429,new.11429,Coal_IGCC_RC,Coal,Shanxi,40,False,True,False,False,False,8.89,6.61461908030199,396.8771448181194,0.52,0.05,.,.,False,.,0.4,False,.,1
Shanxi-Coal_Small_DRY-ep-225,existing.225,Coal_Small_DRY,Coal,Shanxi,30,False,True,False,False,False,10.06,3.9687714481811938,0.0,0.52,0.05,400.0,.,False,.,0.4,False,.,1
Shanxi-Coal_Small_DRY-ep-295,existing.295,Coal_Small_DRY,Coal,Shanxi,30,False,True,False,False,False,10.06,3.9687714481811938,0.0,0.52,0.05,250.0,.,False,.,0.4,False,.,1
Shanxi-Coal_Small_DRY-ep-342,existing.342,Coal_Small_DRY,Coal,Shanxi,30,False,True,False,False,False,10.06,3.9687714481811938,0.0,0.52,0.05,120.0,.,False,.,0.4,False,.,1
Shanxi-Coal_Small_DRY-ep-343,existing.343,Coal_Small_DRY,Coal,Shanxi,30,False,True,False,False,False,10.06,3.9687714481811938,0.0,0.52,0.05,110.0,.,False,.,0.4,False,.,1
Shanxi-Coal_Small_RC-ep-184,existing.184,Coal_Small_RC,Coal,Shanxi,30,False,True,False,False,False,9.68,3.9687714481811938,0.0,0.52,0.05,709.0,.,False,.,0.4,False,.,1
Shanxi-Coal_Small_RC-ep-189,existing.189,Coal_Small_RC,Coal,Shanxi,30,False,True,False,False,False,9.68,3.9687714481811938,0.0,0.52,0.05,632.9,.,False,.,0.4,False,.,1
Shanxi-Coal_Small_RC-ep-224,existing.224,Coal_Small_RC,Coal,Shanxi,30,False,True,False,False,False,9.68,3.9687714481811938,0.0,0.52,0.05,487.0,.,False,.,0.4,False,.,1
Shanxi-Coal_Small_RC-ep-349,existing.349,Coal_Small_RC,Coal,Shanxi,30,False,True,False,False,False,9.68,3.9687714481811938,0.0,0.52,0.05,97.0,.,False,.,0.4,False,.,1
Shanxi-Coal_Small_RC-ep-350,existing.350,Coal_Small_RC,Coal,Shanxi,30,False,True,False,False,False,9.68,3.9687714481811938,0.0,0.52,0.05,81.0,.,False,.,0.4,False,.,1
Shanxi-Commercial_PV-110,new.110,Commercial_PV,Solar,Shanxi,30,True,False,False,True,False,.,0.0,0.0,0.0,0.02,380.0,.,False,.,0.0,False,.,1
Shanxi-Commercial_PV-111,new.111,Commercial_PV,Solar,Shanxi,30,True,False,False,True,False,.,0.0,0.0,0.0,0.02,380.0,.,False,.,0.0,False,.,1
Shanxi-Commercial_PV-112,new.112,Commercial_PV,Solar,Shanxi,30,True,False,False,True,False,.,0.0,0.0,0.0,0.02,380.0,.,False,.,0.0,False,.,1
Shanxi-Commercial_PV-113,new.113,Commercial_PV,Solar,Shanxi,30,True,False,False,True,False,.,0.0,0.0,0.0,0.02,380.0,.,False,.,0.0,False,.,1
Shanxi-Commercial_PV-114,new.114,Commercial_PV,Solar,Shanxi,30,True,False,False,True,False,.,0.0,0.0,0.0,0.02,380.0,.,False,.,0.0,False,.,1
Shanxi-EP_Coal_1000_DRY-ep-3015,existing.3015,EP_Coal_1000_DRY,Coal,Shanxi,40.0,False,True,False,False,False,7.83,3.9687714481811938,0.0,0.32,0.05,1000.0,.,False,.,0.4,False,.,1.0,.,.
Shanxi-EP_Coal_1000_DRY-ep-3016,existing.3016,EP_Coal_1000_DRY,Coal,Shanxi,40.0,False,True,False,False,False,7.83,3.9687714481811938,0.0,0.32,0.05,1000.0,.,False,.,0.4,False,.,1.0,.,.
Shanxi-EP_Coal_1000_DRY-ep-3017,existing.3017,EP_Coal_1000_DRY,Coal,Shanxi,40.0,False,True,False,False,False,7.83,3.9687714481811938,0.0,0.32,0.05,1000.0,.,False,.,0.4,False,.,1.0,.,.
Shanxi-EP_Coal_1000_DRY-ep-3018,existing.3018,EP_Coal_1000_DRY,Coal,Shanxi,40.0,False,True,False,False,False,7.83,3.9687714481811938,0.0,0.32,0.05,1000.0,.,False,.,0.4,False,.,1.0,.,.
Shanxi-EP_Coal_1000_DRY-ep-3019,existing.3019,EP_Coal_1000_DRY,Coal,Shanxi,40.0,False,True,False,False,False,7.83,3.9687714481811938,0.0,0.32,0.05,1000.0,.,False,.,0.4,False,.,1.0,.,.
Shanxi-EP_Coal_1000_DRY-ep-3020,existing.3020,EP_Coal_1000_DRY,Coal,Shanxi,40.0,False,True,False,False,False,7.83,3.9687714481811938,0.0,0.32,0.05,1000.0,.,False,.,0.4,False,.,1.0,.,.
Shanxi-EP_Coal_1000_DRY-ep-3021,existing.3021,EP_Coal_1000_DRY,Coal,Shanxi,40.0,False,True,False,False,False,7.83,3.9687714481811938,0.0,0.32,0.05,1000.0,.,False,.,0.4,False,.,1.0,.,.
Shanxi-EP_Coal_1000_DRY-ep-3022,existing.3022,EP_Coal_1000_DRY,Coal,Shanxi,40.0,False,True,False,False,False,7.83,3.9687714481811938,0.0,0.32,0.05,1000.0,.,False,.,0.4,False,.,1.0,.,.
Shanxi-EP_Coal_1000_DRY-ep-3023,existing.3023,EP_Coal_1000_DRY,Coal,Shanxi,40.0,False,True,False,False,False,7.83,3.9687714481811938,0.0,0.32,0.05,1000.0,.,False,.,0.4,False,.,1.0,.,.
Shanxi-EP_Coal_1000_DRY-ep-3024,existing.3024,EP_Coal_1000_DRY,Coal,Shanxi,40.0,False,True,False,False,False,7.83,3.9687714481811938,0.0,0.32,0.05,1000.0,.,False,.,0.4,False,.,1.0,.,.
Shanxi-EP_Coal_1000_DRY-ep-3025,existing.3025,EP_Coal_1000_DRY,Coal,Shanxi,40.0,False,True,False,False,False,7.83,3.9687714481811938,0.0,0.32,0.05,1000.0,.,False,.,0.4,False,.,1.0,.,.
Shanxi-EP_Coal_1000_DRY-ep-3026,existing.3026,EP_Coal_1000_DRY,Coal,Shanxi,40.0,False,True,False,False,False,7.83,3.9687714481811938,0.0,0.32,0.05,1000.0,.,False,.,0.4,False,.,1.0,.,.
Shanxi-EP_Coal_1000_DRY-ep-3027,existing.3027,EP_Coal_1000_DRY,Coal,Shanxi,40.0,False,True,False,False,False,7.83,3.9687714481811938,0.0,0.32,0.05,1000.0,.,False,.,0.4,False,.,1.0,.,.
Shanxi-EP_Coal_1000_DRY-ep-3028,existing.3028,EP_Coal_1000_DRY,Coal,Shanxi,40.0,False,True,False,False,False,7.83,3.9687714481811938,0.0,0.32,0.05,1000.0,.,False,.,0.4,False,.,1.0,.,.
Shanxi-EP_Coal_1000_DRY-ep-3029,existing.3029,EP_Coal_1000_DRY,Coal,Shanxi,40.0,False,True,False,False,False,7.83,3.9687714481811938,0.0,0.32,0.05,1000.0,.,False,.,0.4,False,.,1.0,.,.
Shanxi-EP_Coal_1000_DRY-ep-3030,existing.3030,EP_Coal_1000_DRY,Coal,Shanxi,40.0,False,True,False,False,False,7.83,3.9687714481811938,0.0,0.32,0.05,1000.0,.,False,.,0.4,False,.,1.0,.,.
Shanxi-EP_Coal_1000_DRY-ep-3031,existing.3031,EP_Coal_1000_DRY,Coal,Shanxi,40.0,False,True,False,False,False,7.83,3.9687714481811938,0.0,0.32,0.05,1000.0,.,False,.,0.4,False,.,1.0,.,.
Shanxi-EP_Coal_1000_DRY-ep-3032,existing.3032,EP_Coal_1000_DRY,Coal,Shanxi,40.0,False,True,False,False,False,7.83,3.9687714481811938,0.0,0.32,0.05,1000.0,.,False,.,0.4,False,.,1.0,.,.
Shanxi-EP_Coal_300_DRY-ep-226,existing.226,EP_Coal_300_DRY,Coal,Shanxi,35,False,True,False,False,False,8.8,3.9687714481811938,0.0,0.37,0.05,350.0,.,False,.,0.4,False,.,1
Shanxi-EP_Coal_300_DRY-ep-227,existing.227,EP_Coal_300_DRY,Coal,Shanxi,35,False,True,False,False,False,8.8,3.9687714481811938,0.0,0.37,0.05,350.0,.,False,.,0.4,False,.,1
Shanxi-EP_Coal_300_DRY-ep-228,existing.228,EP_Coal_300_DRY,Coal,Shanxi,35,False,True,False,False,False,8.8,3.9687714481811938,0.0,0.37,0.05,350.0,.,False,.,0.4,False,.,1
Shanxi-EP_Coal_300_DRY-ep-229,existing.229,EP_Coal_300_DRY,Coal,Shanxi,35,False,True,False,False,False,8.8,3.9687714481811938,0.0,0.37,0.05,350.0,.,False,.,0.4,False,.,1
Shanxi-EP_Coal_300_DRY-ep-232,existing.232,EP_Coal_300_DRY,Coal,Shanxi,35,False,True,False,False,False,8.8,3.9687714481811938,0.0,0.37,0.05,350.0,.,False,.,0.4,False,.,1
Shanxi-EP_Coal_300_DRY-ep-233,existing.233,EP_Coal_300_DRY,Coal,Shanxi,35,False,True,False,False,False,8.8,3.9687714481811938,0.0,0.37,0.05,350.0,.,False,.,0.4,False,.,1
Shanxi-EP_Coal_300_DRY-ep-240,existing.240,EP_Coal_300_DRY,Coal,Shanxi,35,False,True,False,False,False,8.8,3.9687714481811938,0.0,0.37,0.05,330.0,.,False,.,0.4,False,.,1
Shanxi-EP_Coal_300_DRY-ep-241,existing.241,EP_Coal_300_DRY,Coal,Shanxi,35,False,True,False,False,False,8.8,3.9687714481811938,0.0,0.37,0.05,330.0,.,False,.,0.4,False,.,1
Shanxi-EP_Coal_300_DRY-ep-242,existing.242,EP_Coal_300_DRY,Coal,Shanxi,35,False,True,False,False,False,8.8,3.9687714481811938,0.0,0.37,0.05,330.0,.,False,.,0.4,False,.,1
Shanxi-EP_Coal_300_DRY-ep-243,existing.243,EP_Coal_300_DRY,Coal,Shanxi,35,False,True,False,False,False,8.8,3.9687714481811938,0.0,0.37,0.05,330.0,.,False,.,0.4,False,.,1
Shanxi-EP_Coal_300_DRY-ep-244,existing.244,EP_Coal_300_DRY,Coal,Shanxi,35,False,True,False,False,False,8.8,3.9687714481811938,0.0,0.37,0.05,330.0,.,False,.,0.4,False,.,1
Shanxi-EP_Coal_300_DRY-ep-245,existing.245,EP_Coal_300_DRY,Coal,Shanxi,35,False,True,False,False,False,8.8,3.9687714481811938,0.0,0.37,0.05,330.0,.,False,.,0.4,False,.,1
Shanxi-EP_Coal_300_DRY-ep-246,existing.246,EP_Coal_300_DRY,Coal,Shanxi,35,False,True,False,False,False,8.8,3.9687714481811938,0.0,0.37,0.05,330.0,.,False,.,0.4,False,.,1
Shanxi-EP_Coal_300_DRY-ep-247,existing.247,EP_Coal_300_DRY,Coal,Shanxi,35,False,True,False,False,False,8.8,3.9687714481811938,0.0,0.37,0.05,330.0,.,False,.,0.4,False,.,1
Shanxi-EP_Coal_300_DRY-ep-248,existing.248,EP_Coal_300_DRY,Coal,Shanxi,35,False,True,False,False,False,8.8,3.9687714481811938,0.0,0.37,0.05,300.0,.,False,.,0.4,False,.,1
Shanxi-EP_Coal_300_DRY-ep-249,existing.249,EP_Coal_300_DRY,Coal,Shanxi,35,False,True,False,False,False,8.8,3.9687714481811938,0.0,0.37,0.05,300.0,.,False,.,0.4,False,.,1
Shanxi-EP_Coal_300_DRY-ep-250,existing.250,EP_Coal_300_DRY,Coal,Shanxi,35,False,True,False,False,False,8.8,3.9687714481811938,0.0,0.37,0.05,300.0,.,False,.,0.4,False,.,1
Shanxi-EP_Coal_300_DRY-ep-251,existing.251,EP_Coal_300_DRY,Coal,Shanxi,35,False,True,False,False,False,8.8,3.9687714481811938,0.0,0.37,0.05,300.0,.,False,.,0.4,False,.,1
Shanxi-EP_Coal_300_DRY-ep-252,existing.252,EP_Coal_300_DRY,Coal,Shanxi,35,False,True,False,False,False,8.8,3.9687714481811938,0.0,0.37,0.05,300.0,.,False,.,0.4,False,.,1
Shanxi-EP_Coal_300_DRY-ep-253,existing.253,EP_Coal_300_DRY,Coal,Shanxi,35,False,True,False,False,False,8.8,3.9687714481811938,0.0,0.37,0.05,300.0,.,False,.,0.4,False,.,1
Shanxi-EP_Coal_300_DRY-ep-258,existing.258,EP_Coal_300_DRY,Coal,Shanxi,35,False,True,False,False,False,8.8,3.9687714481811938,0.0,0.37,0.05,300.0,.,False,.,0.4,False,.,1
Shanxi-EP_Coal_300_DRY-ep-259,existing.259,EP_Coal_300_DRY,Coal,Shanxi,35,False,True,False,False,False,8.8,3.9687714481811938,0.0,0.37,0.05,300.0,.,False,.,0.4,False,.,1
Shanxi-EP_Coal_300_DRY-ep-260,existing.260,EP_Coal_300_DRY,Coal,Shanxi,35,False,True,False,False,False,8.8,3.9687714481811938,0.0,0.37,0.05,300.0,.,False,.,0.4,False,.,1
Shanxi-EP_Coal_300_DRY-ep-261,existing.261,EP_Coal_300_DRY,Coal,Shanxi,35,False,True,False,False,False,8.8,3.9687714481811938,0.0,0.37,0.05,300.0,.,False,.,0.4,False,.,1
Shanxi-EP_Coal_300_DRY-ep-262,existing.262,EP_Coal_300_DRY,Coal,Shanxi,35,False,True,False,False,False,8.8,3.9687714481811938,0.0,0.37,0.05,300.0,.,False,.,0.4,False,.,1
Shanxi-EP_Coal_300_DRY-ep-263,existing.263,EP_Coal_300_DRY,Coal,Shanxi,35,False,True,False,False,False,8.8,3.9687714481811938,0.0,0.37,0.05,300.0,.,False,.,0.4,False,.,1
Shanxi-EP_Coal_300_DRY-ep-264,existing.264,EP_Coal_300_DRY,Coal,Shanxi,35,False,True,False,False,False,8.8,3.9687714481811938,0.0,0.37,0.05,300.0,.,False,.,0.4,False,.,1
Shanxi-EP_Coal_300_DRY-ep-265,existing.265,EP_Coal_300_DRY,Coal,Shanxi,35,False,True,False,False,False,8.8,3.9687714481811938,0.0,0.37,0.05,300.0,.,False,.,0.4,False,.,1
Shanxi-EP_Coal_300_DRY-ep-266,existing.266,EP_Coal_300_DRY,Coal,Shanxi,35,False,True,False,False,False,8.8,3.9687714481811938,0.0,0.37,0.05,300.0,.,False,.,0.4,False,.,1
Shanxi-EP_Coal_300_DRY-ep-267,existing.267,EP_Coal_300_DRY,Coal,Shanxi,35,False,True,False,False,False,8.8,3.9687714481811938,0.0,0.37,0.05,300.0,.,False,.,0.4,False,.,1
Shanxi-EP_Coal_300_DRY-ep-270,existing.270,EP_Coal_300_DRY,Coal,Shanxi,35,False,True,False,False,False,8.8,3.9687714481811938,0.0,0.37,0.05,300.0,.,False,.,0.4,False,.,1
Shanxi-EP_Coal_300_DRY-ep-271,existing.271,EP_Coal_300_DRY,Coal,Shanxi,35,False,True,False,False,False,8.8,3.9687714481811938,0.0,0.37,0.05,300.0,.,False,.,0.4,False,.,1
Shanxi-EP_Coal_300_DRY-ep-272,existing.272,EP_Coal_300_DRY,Coal,Shanxi,35,False,True,False,False,False,8.8,3.9687714481811938,0.0,0.37,0.05,300.0,.,False,.,0.4,False,.,1
Shanxi-EP_Coal_300_DRY-ep-273,existing.273,EP_Coal_300_DRY,Coal,Shanxi,35,False,True,False,False,False,8.8,3.9687714481811938,0.0,0.37,0.05,300.0,.,False,.,0.4,False,.,1
Shanxi-EP_Coal_300_DRY-ep-274,existing.274,EP_Coal_300_DRY,Coal,Shanxi,35,False,True,False,False,False,8.8,3.9687714481811938,0.0,0.37,0.05,300.0,.,False,.,0.4,False,.,1
Shanxi-EP_Coal_300_DRY-ep-275,existing.275,EP_Coal_300_DRY,Coal,Shanxi,35,False,True,False,False,False,8.8,3.9687714481811938,0.0,0.37,0.05,300.0,.,False,.,0.4,False,.,1
Shanxi-EP_Coal_300_DRY-ep-276,existing.276,EP_Coal_300_DRY,Coal,Shanxi,35,False,True,False,False,False,8.8,3.9687714481811938,0.0,0.37,0.05,300.0,.,False,.,0.4,False,.,1
Shanxi-EP_Coal_300_DRY-ep-277,existing.277,EP_Coal_300_DRY,Coal,Shanxi,35,False,True,False,False,False,8.8,3.9687714481811938,0.0,0.37,0.05,300.0,.,False,.,0.4,False,.,1
Shanxi-EP_Coal_300_DRY-ep-278,existing.278,EP_Coal_300_DRY,Coal,Shanxi,35,False,True,False,False,False,8.8,3.9687714481811938,0.0,0.37,0.05,300.0,.,False,.,0.4,False,.,1
Shanxi-EP_Coal_300_DRY-ep-279,existing.279,EP_Coal_300_DRY,Coal,Shanxi,35,False,True,False,False,False,8.8,3.9687714481811938,0.0,0.37,0.05,300.0,.,False,.,0.4,False,.,1
Shanxi-EP_Coal_300_DRY-ep-280,existing.280,EP_Coal_300_DRY,Coal,Shanxi,35,False,True,False,False,False,8.8,3.9687714481811938,0.0,0.37,0.05,300.0,.,False,.,0.4,False,.,1
Shanxi-EP_Coal_300_DRY-ep-281,existing.281,EP_Coal_300_DRY,Coal,Shanxi,35,False,True,False,False,False,8.8,3.9687714481811938,0.0,0.37,0.05,300.0,.,False,.,0.4,False,.,1
Shanxi-EP_Coal_300_DRY-ep-282,existing.282,EP_Coal_300_DRY,Coal,Shanxi,35,False,True,False,False,False,8.8,3.9687714481811938,0.0,0.37,0.05,300.0,.,False,.,0.4,False,.,1
Shanxi-EP_Coal_300_DRY-ep-283,existing.283,EP_Coal_300_DRY,Coal,Shanxi,35,False,True,False,False,False,8.8,3.9687714481811938,0.0,0.37,0.05,300.0,.,False,.,0.4,False,.,1
Shanxi-EP_Coal_300_DRY-ep-284,existing.284,EP_Coal_300_DRY,Coal,Shanxi,35,False,True,False,False,False,8.8,3.9687714481811938,0.0,0.37,0.05,300.0,.,False,.,0.4,False,.,1
Shanxi-EP_Coal_300_DRY-ep-285,existing.285,EP_Coal_300_DRY,Coal,Shanxi,35,False,True,False,False,False,8.8,3.9687714481811938,0.0,0.37,0.05,300.0,.,False,.,0.4,False,.,1
Shanxi-EP_Coal_300_DRY-ep-286,existing.286,EP_Coal_300_DRY,Coal,Shanxi,35,False,True,False,False,False,8.8,3.9687714481811938,0.0,0.37,0.05,300.0,.,False,.,0.4,False,.,1
Shanxi-EP_Coal_300_DRY-ep-287,existing.287,EP_Coal_300_DRY,Coal,Shanxi,35,False,True,False,False,False,8.8,3.9687714481811938,0.0,0.37,0.05,300.0,.,False,.,0.4,False,.,1
Shanxi-EP_Coal_300_DRY-ep-288,existing.288,EP_Coal_300_DRY,Coal,Shanxi,35,False,True,False,False,False,8.8,3.9687714481811938,0.0,0.37,0.05,300.0,.,False,.,0.4,False,.,1
Shanxi-EP_Coal_300_DRY-ep-289,existing.289,EP_Coal_300_DRY,Coal,Shanxi,35,False,True,False,False,False,8.8,3.9687714481811938,0.0,0.37,0.05,300.0,.,False,.,0.4,False,.,1
Shanxi-EP_Coal_300_DRY-ep-290,existing.290,EP_Coal_300_DRY,Coal,Shanxi,35,False,True,False,False,False,8.8,3.9687714481811938,0.0,0.37,0.05,300.0,.,False,.,0.4,False,.,1
Shanxi-EP_Coal_300_DRY-ep-293,existing.293,EP_Coal_300_DRY,Coal,Shanxi,35,False,True,False,False,False,8.8,3.9687714481811938,0.0,0.37,0.05,300.0,.,False,.,0.4,False,.,1
Shanxi-EP_Coal_300_DRY-ep-294,existing.294,EP_Coal_300_DRY,Coal,Shanxi,35,False,True,False,False,False,8.8,3.9687714481811938,0.0,0.37,0.05,300.0,.,False,.,0.4,False,.,1
Shanxi-EP_Coal_300_DRY-ep-3019,existing.3019,EP_Coal_300_DRY,Coal,Shanxi,35,False,True,False,False,False,8.8,3.9687714481811938,0.0,0.37,0.05,350.0,.,False,.,0.4,False,.,1
Shanxi-EP_Coal_300_DRY-ep-3020,existing.3020,EP_Coal_300_DRY,Coal,Shanxi,35,False,True,False,False,False,8.8,3.9687714481811938,0.0,0.37,0.05,350.0,.,False,.,0.4,False,.,1
Shanxi-EP_Coal_300_DRY-ep-3021,existing.3021,EP_Coal_300_DRY,Coal,Shanxi,35,False,True,False,False,False,8.8,3.9687714481811938,0.0,0.37,0.05,350.0,.,False,.,0.4,False,.,1
Shanxi-EP_Coal_300_OT-ep-291,existing.291,EP_Coal_300_OT,Coal,Shanxi,35,False,True,False,False,False,8.53,3.9687714481811938,0.0,0.37,0.05,300.0,.,False,.,0.4,False,.,1
Shanxi-EP_Coal_300_OT-ep-292,existing.292,EP_Coal_300_OT,Coal,Shanxi,35,False,True,False,False,False,8.53,3.9687714481811938,0.0,0.37,0.05,300.0,.,False,.,0.4,False,.,1
Shanxi-EP_Coal_300_RC-ep-230,existing.230,EP_Coal_300_RC,Coal,Shanxi,35,False,True,False,False,False,8.53,3.9687714481811938,0.0,0.37,0.05,350.0,.,False,.,0.4,False,.,1
Shanxi-EP_Coal_300_RC-ep-231,existing.231,EP_Coal_300_RC,Coal,Shanxi,35,False,True,False,False,False,8.53,3.9687714481811938,0.0,0.37,0.05,350.0,.,False,.,0.4,False,.,1
Shanxi-EP_Coal_300_RC-ep-234,existing.234,EP_Coal_300_RC,Coal,Shanxi,35,False,True,False,False,False,8.53,3.9687714481811938,0.0,0.37,0.05,350.0,.,False,.,0.4,False,.,1
Shanxi-EP_Coal_300_RC-ep-235,existing.235,EP_Coal_300_RC,Coal,Shanxi,35,False,True,False,False,False,8.53,3.9687714481811938,0.0,0.37,0.05,350.0,.,False,.,0.4,False,.,1
Shanxi-EP_Coal_300_RC-ep-236,existing.236,EP_Coal_300_RC,Coal,Shanxi,35,False,True,False,False,False,8.53,3.9687714481811938,0.0,0.37,0.05,350.0,.,False,.,0.4,False,.,1
Shanxi-EP_Coal_300_RC-ep-237,existing.237,EP_Coal_300_RC,Coal,Shanxi,35,False,True,False,False,False,8.53,3.9687714481811938,0.0,0.37,0.05,350.0,.,False,.,0.4,False,.,1
Shanxi-EP_Coal_300_RC-ep-238,existing.238,EP_Coal_300_RC,Coal,Shanxi,35,False,True,False,False,False,8.53,3.9687714481811938,0.0,0.37,0.05,350.0,.,False,.,0.4,False,.,1
Shanxi-EP_Coal_300_RC-ep-239,existing.239,EP_Coal_300_RC,Coal,Shanxi,35,False,True,False,False,False,8.53,3.9687714481811938,0.0,0.37,0.05,350.0,.,False,.,0.4,False,.,1
Shanxi-EP_Coal_300_RC-ep-254,existing.254,EP_Coal_300_RC,Coal,Shanxi,35,False,True,False,False,False,8.53,3.9687714481811938,0.0,0.37,0.05,300.0,.,False,.,0.4,False,.,1
Shanxi-EP_Coal_300_RC-ep-255,existing.255,EP_Coal_300_RC,Coal,Shanxi,35,False,True,False,False,False,8.53,3.9687714481811938,0.0,0.37,0.05,300.0,.,False,.,0.4,False,.,1
Shanxi-EP_Coal_300_RC-ep-256,existing.256,EP_Coal_300_RC,Coal,Shanxi,35,False,True,False,False,False,8.53,3.9687714481811938,0.0,0.37,0.05,300.0,.,False,.,0.4,False,.,1
Shanxi-EP_Coal_300_RC-ep-257,existing.257,EP_Coal_300_RC,Coal,Shanxi,35,False,True,False,False,False,8.53,3.9687714481811938,0.0,0.37,0.05,300.0,.,False,.,0.4,False,.,1
Shanxi-EP_Coal_300_RC-ep-268,existing.268,EP_Coal_300_RC,Coal,Shanxi,35,False,True,False,False,False,8.53,3.9687714481811938,0.0,0.37,0.05,300.0,.,False,.,0.4,False,.,1
Shanxi-EP_Coal_300_RC-ep-269,existing.269,EP_Coal_300_RC,Coal,Shanxi,35,False,True,False,False,False,8.53,3.9687714481811938,0.0,0.37,0.05,300.0,.,False,.,0.4,False,.,1
Shanxi-EP_Coal_600_DRY-ep-185,existing.185,EP_Coal_600_DRY,Coal,Shanxi,40,False,True,False,False,False,8.26,3.9687714481811938,0.0,0.34,0.05,660.0,.,False,.,0.4,False,.,1
Shanxi-EP_Coal_600_DRY-ep-186,existing.186,EP_Coal_600_DRY,Coal,Shanxi,40,False,True,False,False,False,8.26,3.9687714481811938,0.0,0.34,0.05,660.0,.,False,.,0.4,False,.,1
Shanxi-EP_Coal_600_DRY-ep-187,existing.187,EP_Coal_600_DRY,Coal,Shanxi,40,False,True,False,False,False,8.26,3.9687714481811938,0.0,0.34,0.05,660.0,.,False,.,0.4,False,.,1
Shanxi-EP_Coal_600_DRY-ep-188,existing.188,EP_Coal_600_DRY,Coal,Shanxi,40,False,True,False,False,False,8.26,3.9687714481811938,0.0,0.34,0.05,660.0,.,False,.,0.4,False,.,1
Shanxi-EP_Coal_600_DRY-ep-190,existing.190,EP_Coal_600_DRY,Coal,Shanxi,40,False,True,False,False,False,8.26,3.9687714481811938,0.0,0.34,0.05,600.0,.,False,.,0.4,False,.,1
Shanxi-EP_Coal_600_DRY-ep-191,existing.191,EP_Coal_600_DRY,Coal,Shanxi,40,False,True,False,False,False,8.26,3.9687714481811938,0.0,0.34,0.05,600.0,.,False,.,0.4,False,.,1
Shanxi-EP_Coal_600_DRY-ep-192,existing.192,EP_Coal_600_DRY,Coal,Shanxi,40,False,True,False,False,False,8.26,3.9687714481811938,0.0,0.34,0.05,600.0,.,False,.,0.4,False,.,1
Shanxi-EP_Coal_600_DRY-ep-193,existing.193,EP_Coal_600_DRY,Coal,Shanxi,40,False,True,False,False,False,8.26,3.9687714481811938,0.0,0.34,0.05,600.0,.,False,.,0.4,False,.,1
Shanxi-EP_Coal_600_DRY-ep-194,existing.194,EP_Coal_600_DRY,Coal,Shanxi,40,False,True,False,False,False,8.26,3.9687714481811938,0.0,0.34,0.05,600.0,.,False,.,0.4,False,.,1
Shanxi-EP_Coal_600_DRY-ep-195,existing.195,EP_Coal_600_DRY,Coal,Shanxi,40,False,True,False,False,False,8.26,3.9687714481811938,0.0,0.34,0.05,600.0,.,False,.,0.4,False,.,1
Shanxi-EP_Coal_600_DRY-ep-196,existing.196,EP_Coal_600_DRY,Coal,Shanxi,40,False,True,False,False,False,8.26,3.9687714481811938,0.0,0.34,0.05,600.0,.,False,.,0.4,False,.,1
Shanxi-EP_Coal_600_DRY-ep-197,existing.197,EP_Coal_600_DRY,Coal,Shanxi,40,False,True,False,False,False,8.26,3.9687714481811938,0.0,0.34,0.05,600.0,.,False,.,0.4,False,.,1
Shanxi-EP_Coal_600_DRY-ep-200,existing.200,EP_Coal_600_DRY,Coal,Shanxi,40,False,True,False,False,False,8.26,3.9687714481811938,0.0,0.34,0.05,600.0,.,False,.,0.4,False,.,1
Shanxi-EP_Coal_600_DRY-ep-201,existing.201,EP_Coal_600_DRY,Coal,Shanxi,40,False,True,False,False,False,8.26,3.9687714481811938,0.0,0.34,0.05,600.0,.,False,.,0.4,False,.,1
Shanxi-EP_Coal_600_DRY-ep-202,existing.202,EP_Coal_600_DRY,Coal,Shanxi,40,False,True,False,False,False,8.26,3.9687714481811938,0.0,0.34,0.05,600.0,.,False,.,0.4,False,.,1
Shanxi-EP_Coal_600_DRY-ep-203,existing.203,EP_Coal_600_DRY,Coal,Shanxi,40,False,True,False,False,False,8.26,3.9687714481811938,0.0,0.34,0.05,600.0,.,False,.,0.4,False,.,1
Shanxi-EP_Coal_600_DRY-ep-206,existing.206,EP_Coal_600_DRY,Coal,Shanxi,40,False,True,False,False,False,8.26,3.9687714481811938,0.0,0.34,0.05,600.0,.,False,.,0.4,False,.,1
Shanxi-EP_Coal_600_DRY-ep-207,existing.207,EP_Coal_600_DRY,Coal,Shanxi,40,False,True,False,False,False,8.26,3.9687714481811938,0.0,0.34,0.05,600.0,.,False,.,0.4,False,.,1
Shanxi-EP_Coal_600_DRY-ep-208,existing.208,EP_Coal_600_DRY,Coal,Shanxi,40,False,True,False,False,False,8.26,3.9687714481811938,0.0,0.34,0.05,600.0,.,False,.,0.4,False,.,1
Shanxi-EP_Coal_600_DRY-ep-209,existing.209,EP_Coal_600_DRY,Coal,Shanxi,40,False,True,False,False,False,8.26,3.9687714481811938,0.0,0.34,0.05,600.0,.,False,.,0.4,False,.,1
Shanxi-EP_Coal_600_DRY-ep-212,existing.212,EP_Coal_600_DRY,Coal,Shanxi,40,False,True,False,False,False,8.26,3.9687714481811938,0.0,0.34,0.05,600.0,.,False,.,0.4,False,.,1
Shanxi-EP_Coal_600_DRY-ep-213,existing.213,EP_Coal_600_DRY,Coal,Shanxi,40,False,True,False,False,False,8.26,3.9687714481811938,0.0,0.34,0.05,600.0,.,False,.,0.4,False,.,1
Shanxi-EP_Coal_600_DRY-ep-214,existing.214,EP_Coal_600_DRY,Coal,Shanxi,40,False,True,False,False,False,8.26,3.9687714481811938,0.0,0.34,0.05,600.0,.,False,.,0.4,False,.,1
Shanxi-EP_Coal_600_DRY-ep-215,existing.215,EP_Coal_600_DRY,Coal,Shanxi,40,False,True,False,False,False,8.26,3.9687714481811938,0.0,0.34,0.05,600.0,.,False,.,0.4,False,.,1
Shanxi-EP_Coal_600_DRY-ep-216,existing.216,EP_Coal_600_DRY,Coal,Shanxi,40,False,True,False,False,False,8.26,3.9687714481811938,0.0,0.34,0.05,600.0,.,False,.,0.4,False,.,1
Shanxi-EP_Coal_600_DRY-ep-217,existing.217,EP_Coal_600_DRY,Coal,Shanxi,40,False,True,False,False,False,8.26,3.9687714481811938,0.0,0.34,0.05,600.0,.,False,.,0.4,False,.,1
Shanxi-EP_Coal_600_DRY-ep-218,existing.218,EP_Coal_600_DRY,Coal,Shanxi,40,False,True,False,False,False,8.26,3.9687714481811938,0.0,0.34,0.05,600.0,.,False,.,0.4,False,.,1
Shanxi-EP_Coal_600_DRY-ep-219,existing.219,EP_Coal_600_DRY,Coal,Shanxi,40,False,True,False,False,False,8.26,3.9687714481811938,0.0,0.34,0.05,600.0,.,False,.,0.4,False,.,1
Shanxi-EP_Coal_600_DRY-ep-3022,existing.3022,EP_Coal_600_DRY,Coal,Shanxi,40,False,True,False,False,False,8.26,3.9687714481811938,0.0,0.34,0.05,660.0,.,False,.,0.4,False,.,1
Shanxi-EP_Coal_600_DRY-ep-3023,existing.3023,EP_Coal_600_DRY,Coal,Shanxi,40,False,True,False,False,False,8.26,3.9687714481811938,0.0,0.34,0.05,660.0,.,False,.,0.4,False,.,1
Shanxi-EP_Coal_600_DRY-ep-3024,existing.3024,EP_Coal_600_DRY,Coal,Shanxi,40,False,True,False,False,False,8.26,3.9687714481811938,0.0,0.34,0.05,660.0,.,False,.,0.4,False,.,1
Shanxi-EP_Coal_600_DRY-ep-3025,existing.3025,EP_Coal_600_DRY,Coal,Shanxi,40,False,True,False,False,False,8.26,3.9687714481811938,0.0,0.34,0.05,660.0,.,False,.,0.4,False,.,1
Shanxi-EP_Coal_600_RC-ep-198,existing.198,EP_Coal_600_RC,Coal,Shanxi,40,False,True,False,False,False,7.93,3.9687714481811938,0.0,0.34,0.05,600.0,.,False,.,0.4,False,.,1
Shanxi-EP_Coal_600_RC-ep-199,existing.199,EP_Coal_600_RC,Coal,Shanxi,40,False,True,False,False,False,7.93,3.9687714481811938,0.0,0.34,0.05,600.0,.,False,.,0.4,False,.,1
Shanxi-EP_Coal_600_RC-ep-204,existing.204,EP_Coal_600_RC,Coal,Shanxi,40,False,True,False,False,False,7.93,3.9687714481811938,0.0,0.34,0.05,600.0,.,False,.,0.4,False,.,1
Shanxi-EP_Coal_600_RC-ep-205,existing.205,EP_Coal_600_RC,Coal,Shanxi,40,False,True,False,False,False,7.93,3.9687714481811938,0.0,0.34,0.05,600.0,.,False,.,0.4,False,.,1
Shanxi-EP_Coal_600_RC-ep-210,existing.210,EP_Coal_600_RC,Coal,Shanxi,40,False,True,False,False,False,7.93,3.9687714481811938,0.0,0.34,0.05,600.0,.,False,.,0.4,False,.,1
Shanxi-EP_Coal_600_RC-ep-211,existing.211,EP_Coal_600_RC,Coal,Shanxi,40,False,True,False,False,False,7.93,3.9687714481811938,0.0,0.34,0.05,600.0,.,False,.,0.4,False,.,1
Shanxi-EP_Coal_600_RC-ep-220,existing.220,EP_Coal_600_RC,Coal,Shanxi,40,False,True,False,False,False,7.93,3.9687714481811938,0.0,0.34,0.05,500.0,.,False,.,0.4,False,.,1
Shanxi-EP_Coal_600_RC-ep-221,existing.221,EP_Coal_600_RC,Coal,Shanxi,40,False,True,False,False,False,7.93,3.9687714481811938,0.0,0.34,0.05,500.0,.,False,.,0.4,False,.,1
Shanxi-EP_Coal_600_RC-ep-222,existing.222,EP_Coal_600_RC,Coal,Shanxi,40,False,True,False,False,False,7.93,3.9687714481811938,0.0,0.34,0.05,500.0,.,False,.,0.4,False,.,1
Shanxi-EP_Coal_600_RC-ep-223,existing.223,EP_Coal_600_RC,Coal,Shanxi,40,False,True,False,False,False,7.93,3.9687714481811938,0.0,0.34,0.05,500.0,.,False,.,0.4,False,.,1
Shanxi-EP_Gas_CCGT_RC-ep-182,existing.182,EP_Gas_CCGT_RC,Gas,Shanxi,20,False,False,False,True,True,6.86,2.2489704873026763,0.0,0.65,0.0224,860.0,.,True,.,0.45,False,.,1
Shanxi-EP_Gas_CCGT_RC-ep-183,existing.183,EP_Gas_CCGT_RC,Gas,Shanxi,20,False,False,False,True,True,6.86,2.2489704873026763,0.0,0.65,0.0224,859.0,.,True,.,0.45,False,.,1
Shanxi-EP_Gas_CCGT_RC-ep-340,existing.340,EP_Gas_CCGT_RC,Gas,Shanxi,20,False,False,False,True,True,6.86,2.2489704873026763,0.0,0.65,0.0224,126.0,.,True,.,0.45,False,.,1
Shanxi-Gas_CCGT_RC-11367,new.11367,Gas_CCGT_RC,Gas,Shanxi,20,False,False,False,True,True,7.02,2.645847632120796,396.8771448181194,0.65,0.0224,.,.,True,.,0.45,False,.,1
Shanxi-Gas_CCGT_RC-11383,new.11383,Gas_CCGT_RC,Gas,Shanxi,20,False,False,False,True,True,7.02,2.645847632120796,396.8771448181194,0.65,0.0224,.,.,True,.,0.45,False,.,1
Shanxi-Gas_CCGT_RC-11399,new.11399,Gas_CCGT_RC,Gas,Shanxi,20,False,False,False,True,True,7.02,2.645847632120796,396.8771448181194,0.65,0.0224,.,.,True,.,0.45,False,.,1
Shanxi-Gas_CCGT_RC-11415,new.11415,Gas_CCGT_RC,Gas,Shanxi,20,False,False,False,True,True,7.02,2.645847632120796,396.8771448181194,0.65,0.0224,.,.,True,.,0.45,False,.,1
Shanxi-Gas_CCGT_RC-11431,new.11431,Gas_CCGT_RC,Gas,Shanxi,20,False,False,False,True,True,7.02,2.645847632120796,396.8771448181194,0.65,0.0224,.,.,True,.,0.45,False,.,1
Shanxi-Gas_Combustion_Turbine_RC-13243,new.13243,Gas_Combustion_Turbine_RC,Gas,Shanxi,20,False,False,False,True,True,9.76,2.645847632120796,396.8771448181194,0.0318,0.0413,.,.,False,.,0.4,False,.,1
Shanxi-Hydro_NonPumped-ep-30024,existing.30024,Hydro_NonPumped,Water,Shanxi,100,False,False,False,True,True,.,0.0,3968.771448181194,0.094,0.051,10.89,.,False,.,0.3,False,.,1
Shanxi-Hydro_NonPumped-ep-30055,existing.30055,Hydro_NonPumped,Water,Shanxi,100,False,False,False,True,True,.,0.0,3968.771448181194,0.094,0.051,6.97,.,False,.,0.3,False,.,1
Shanxi-Hydro_NonPumped-ep-30086,existing.30086,Hydro_NonPumped,Water,Shanxi,100,False,False,False,True,True,.,0.0,3968.771448181194,0.094,0.051,8.12,.,False,.,0.3,False,.,1
Shanxi-Hydro_NonPumped-ep-30117,existing.30117,Hydro_NonPumped,Water,Shanxi,100,False,False,False,True,True,.,0.0,3968.771448181194,0.094,0.051,9.74,.,False,.,0.3,False,.,1
Shanxi-Hydro_NonPumped-ep-30148,existing.30148,Hydro_NonPumped,Water,Shanxi,100,False,False,False,True,True,.,0.0,3968.771448181194,0.094,0.051,5.55,.,False,.,0.3,False,.,1
Shanxi-Hydro_NonPumped-ep-30179,existing.30179,Hydro_NonPumped,Water,Shanxi,100,False,False,False,True,True,.,0.0,3968.771448181194,0.094,0.051,7.57,.,False,.,0.3,False,.,1
Shanxi-Hydro_NonPumped-ep-30210,existing.30210,Hydro_NonPumped,Water,Shanxi,100,False,False,False,True,True,.,0.0,3968.771448181194,0.094,0.051,17.92,.,False,.,0.3,False,.,1
Shanxi-Hydro_NonPumped-ep-30241,existing.30241,Hydro_NonPumped,Water,Shanxi,100,False,False,False,True,True,.,0.0,3968.771448181194,0.094,0.051,16.98,.,False,.,0.3,False,.,1
Shanxi-Hydro_NonPumped-ep-30272,existing.30272,Hydro_NonPumped,Water,Shanxi,100,False,False,False,True,True,.,0.0,3968.771448181194,0.094,0.051,12.71,.,False,.,0.3,False,.,1
Shanxi-Hydro_NonPumped-ep-30303,existing.30303,Hydro_NonPumped,Water,Shanxi,100,False,False,False,True,True,.,0.0,3968.771448181194,0.094,0.051,9.94,.,False,.,0.3,False,.,1
Shanxi-Hydro_NonPumped-ep-30334,existing.30334,Hydro_NonPumped,Water,Shanxi,100,False,False,False,True,True,.,0.0,3968.771448181194,0.094,0.051,12.38,.,False,.,0.3,False,.,1
Shanxi-Hydro_NonPumped-ep-30365,existing.30365,Hydro_NonPumped,Water,Shanxi,100,False,False,False,True,True,.,0.0,3968.771448181194,0.094,0.051,18.94,.,False,.,0.3,False,.,1
Shanxi-Hydro_NonPumped-ep-30396,existing.30396,Hydro_NonPumped,Water,Shanxi,100,False,False,False,True,True,.,0.0,3968.771448181194,0.094,0.051,26.44,.,False,.,0.3,False,.,1
Shanxi-Hydro_NonPumped-ep-30427,existing.30427,Hydro_NonPumped,Water,Shanxi,100,False,False,False,True,True,.,0.0,3968.771448181194,0.094,0.051,30.23,.,False,.,0.3,False,.,1
Shanxi-Hydro_NonPumped-ep-30458,existing.30458,Hydro_NonPumped,Water,Shanxi,100,False,False,False,True,True,.,0.0,3968.771448181194,0.094,0.051,21.1,.,False,.,0.3,False,.,1
Shanxi-Hydro_NonPumped-ep-30489,existing.30489,Hydro_NonPumped,Water,Shanxi,100,False,False,False,True,True,.,0.0,3968.771448181194,0.094,0.051,22.99,.,False,.,0.3,False,.,1
Shanxi-Hydro_NonPumped-ep-30520,existing.30520,Hydro_NonPumped,Water,Shanxi,100,False,False,False,True,True,.,0.0,3968.771448181194,0.094,0.051,28.07,.,False,.,0.3,False,.,1
Shanxi-Hydro_NonPumped-ep-30551,existing.30551,Hydro_NonPumped,Water,Shanxi,100,False,False,False,True,True,.,0.0,3968.771448181194,0.094,0.051,36.05,.,False,.,0.3,False,.,1
Shanxi-Hydro_NonPumped-ep-30576,existing.30576,Hydro_NonPumped,Water,Shanxi,100,False,False,False,True,True,.,0.0,3968.771448181194,0.094,0.051,270.0,.,False,.,0.3,False,.,1
Shanxi-Hydro_NonPumped-ep-30599,existing.30599,Hydro_NonPumped,Water,Shanxi,100,False,False,False,True,True,.,0.0,3968.771448181194,0.094,0.051,270.0,.,False,.,0.3,False,.,1
Shanxi-Hydro_NonPumped-ep-30762,existing.30762,Hydro_NonPumped,Water,Shanxi,100,False,False,False,True,True,.,0.0,3968.771448181194,0.094,0.051,10.0,.,False,.,0.3,False,.,1
Shanxi-Hydro_NonPumped-ep-30832,existing.30832,Hydro_NonPumped,Water,Shanxi,100,False,False,False,True,True,.,0.0,3968.771448181194,0.094,0.051,820.0,.,False,.,0.3,False,.,1
Shanxi-Hydro_NonPumped-ep-30851,existing.30851,Hydro_NonPumped,Water,Shanxi,100,False,False,False,True,True,.,0.0,3968.771448181194,0.094,0.051,210.0,.,False,.,0.3,False,.,1
Shanxi-Hydro_NonPumped-ep-30861,existing.30861,Hydro_NonPumped,Water,Shanxi,100,False,False,False,True,True,.,0.0,3968.771448181194,0.094,0.051,614.2,.,False,.,0.3,False,.,1
Shanxi-Hydro_NonPumped-ep-30891,existing.30891,Hydro_NonPumped,Water,Shanxi,100,False,False,False,True,True,.,0.0,3968.771448181194,0.094,0.051,0.3,.,False,.,0.3,False,.,1
Shanxi-Hydro_NonPumped-ep-30910,existing.30910,Hydro_NonPumped,Water,Shanxi,100,False,False,False,True,True,.,0.0,3968.771448181194,0.094,0.051,6.1,.,False,.,0.3,False,.,1
Shanxi-Hydro_NonPumped-ep-30943,existing.30943,Hydro_NonPumped,Water,Shanxi,100,False,False,False,True,True,.,0.0,3968.771448181194,0.094,0.051,1.0,.,False,.,0.3,False,.,1
Shanxi-Hydro_NonPumped-ep-30963,existing.30963,Hydro_NonPumped,Water,Shanxi,100,False,False,False,True,True,.,0.0,3968.771448181194,0.094,0.051,2.3,.,False,.,0.3,False,.,1
Shanxi-Hydro_Pumped-ep-35003,existing.35003,Hydro_Pumped,Water,Shanxi,100,False,False,False,True,True,.,0.0,0.0,0.094,0.051,1285.18,.,False,0.74,0.4,True,24.0,1
Shanxi-Hydro_Pumped-ep-35029,existing.35029,Hydro_Pumped,Water,Shanxi,100,False,False,False,True,True,.,0.0,0.0,0.094,0.051,1200.0,.,False,0.74,0.4,True,24.0,1
Shanxi-Nuclear_SMR-13242,new.13242,Nuclear_SMR,Uranium,Shanxi,40,False,False,True,False,False,10.4,0.661461908030199,396.8771448181194,0.1112,0.0272,.,.,False,.,1.0,False,.,1
Shanxi-Residential_PV-310,new.310,Residential_PV,Solar,Shanxi,30,True,False,False,True,False,.,0.0,0.0,0.0,0.02,520.0,.,False,.,0.0,False,.,1
Shanxi-Residential_PV-311,new.311,Residential_PV,Solar,Shanxi,30,True,False,False,True,False,.,0.0,0.0,0.0,0.02,520.0,.,False,.,0.0,False,.,1
Shanxi-Residential_PV-312,new.312,Residential_PV,Solar,Shanxi,30,True,False,False,True,False,.,0.0,0.0,0.0,0.02,520.0,.,False,.,0.0,False,.,1
Shanxi-Residential_PV-313,new.313,Residential_PV,Solar,Shanxi,30,True,False,False,True,False,.,0.0,0.0,0.0,0.02,520.0,.,False,.,0.0,False,.,1
Shanxi-Residential_PV-314,new.314,Residential_PV,Solar,Shanxi,30,True,False,False,True,False,.,0.0,0.0,0.0,0.02,520.0,.,False,.,0.0,False,.,1
Shanxi-Wind-1120,new.1120,Wind,Wind,Shanxi,30,True,False,False,True,False,.,0.0,3968.771448181194,0.0139,0.02,2793.75,.,False,.,0.0,False,.,1
Shanxi-Wind-1122,new.1122,Wind,Wind,Shanxi,30,True,False,False,True,False,.,0.0,3968.771448181194,0.0139,0.02,2793.75,.,False,.,0.0,False,.,1
Shanxi-Wind-1125,new.1125,Wind,Wind,Shanxi,30,True,False,False,True,False,.,0.0,3968.771448181194,0.0139,0.02,2793.75,.,False,.,0.0,False,.,1
Shanxi-Wind-1160,new.1160,Wind,Wind,Shanxi,30,True,False,False,True,False,.,0.0,3968.771448181194,0.0139,0.02,2793.75,.,False,.,0.0,False,.,1
Shanxi-Wind-1165,new.1165,Wind,Wind,Shanxi,30,True,False,False,True,False,.,0.0,3968.771448181194,0.0139,0.02,2793.75,.,False,.,0.0,False,.,1
Shanxi-Wind-1175,new.1175,Wind,Wind,Shanxi,30,True,False,False,True,False,.,0.0,3968.771448181194,0.0139,0.02,2793.75,.,False,.,0.0,False,.,1
Shanxi-Wind-1178,new.1178,Wind,Wind,Shanxi,30,True,False,False,True,False,.,0.0,3968.771448181194,0.0139,0.02,2793.75,.,False,.,0.0,False,.,1
Shanxi-Wind-1179,new.1179,Wind,Wind,Shanxi,30,True,False,False,True,False,.,0.0,3968.771448181194,0.0139,0.02,2793.75,.,False,.,0.0,False,.,1
Shanxi-Wind_EP-ep-40059,existing.40059,Wind_EP,Wind,Shanxi,30,True,False,False,True,False,.,0.0,0.0,0.0139,0.02,120.0,.,False,.,0.0,False,.,1
Shanxi-Wind_EP-ep-40063,existing.40063,Wind_EP,Wind,Shanxi,30,True,False,False,True,False,.,0.0,0.0,0.0139,0.02,250.0,.,False,.,0.0,False,.,1
Shanxi-Wind_EP-ep-40071,existing.40071,Wind_EP,Wind,Shanxi,30,True,False,False,True,False,.,0.0,0.0,0.0139,0.02,532.5,.,False,.,0.0,False,.,1
Shanxi-Wind_EP-ep-40097,existing.40097,Wind_EP,Wind,Shanxi,30,True,False,False,True,False,.,0.0,0.0,0.0139,0.02,1072.5,.,False,.,0.0,False,.,1
Shanxi-Wind_EP-ep-40125,existing.40125,Wind_EP,Wind,Shanxi,30,True,False,False,True,False,.,0.0,0.0,0.0139,0.02,1184.5,.,False,.,0.0,False,.,1
Shanxi-Wind_EP-ep-40152,existing.40152,Wind_EP,Wind,Shanxi,30,True,False,False,True,False,.,0.0,0.0,0.0139,0.02,1252.5,.,False,.,0.0,False,.,1
Shanxi-Wind_EP-ep-40180,existing.40180,Wind_EP,Wind,Shanxi,30,True,False,False,True,False,.,0.0,0.0,0.0139,0.02,2276.8,.,False,.,0.0,False,.,1
Shanxi-Wind_EP-ep-40208,existing.40208,Wind_EP,Wind,Shanxi,30,True,False,False,True,False,.,0.0,0.0,0.0139,0.02,1018.5,.,False,.,0.0,False,.,1
Shanxi-Wind_EP-ep-40233,existing.40233,Wind_EP,Wind,Shanxi,30,True,False,False,True,False,.,0.0,0.0,0.0139,0.02,1009.0,.,False,.,0.0,False,.,1
